{
	"comment" : "these paintings have been made available by Oliver Remund, visit the artist's website here for full resoltuion images !", 
	"comment_website" : "https://www.kokorokara.ch", 
	"paintings" : [{
			"name" : "aniko", 
			"square" : 16
		}, {
			"name" : "kokoro", 
			"square" : 16
		}, {
			"name" : "metawelt_ebene_1", 
			"square" : 16
		}, {
			"name" : "zitadelle_des_eiskonigs", 
			"square" : 16
		}, {
			"name" : "filia", 
			"square" : 16
		}, {
			"name" : "erzengel_michael", 
			"square" : 32
		}, {
			"name" : "schwermut", 
			"square" : 32
		}, {
			"name" : "platinkefer", 
			"square" : 32
		}, {
			"name" : "atemnot", 
			"x" : 16, 
			"y" : 48
		}, {
			"name" : "blautupfenflugler", 
			"x" : 16, 
			"y" : 48
		}, {
			"name" : "lagune", 
			"x" : 16, 
			"y" : 32
		}, {
			"name" : "lagune_2", 
			"x" : 16, 
			"y" : 32
		}, {
			"name" : "phyrexialdrazi", 
			"x" : 16, 
			"y" : 32
		}, {
			"name" : "spiral", 
			"x" : 16, 
			"y" : 32
		}, {
			"name" : "teufelshorn", 
			"x" : 16, 
			"y" : 32
		}, {
			"name" : "sacred_hills", 
			"x" : 48, 
			"y" : 16
		}, {
			"name" : "tendrils_garden_1", 
			"x" : 48, 
			"y" : 16
		}, {
			"name" : "tendrils_garden_2", 
			"x" : 48, 
			"y" : 16
		}, {
			"name" : "chtulhus_child", 
			"x" : 48, 
			"y" : 32
		}, {
			"name" : "gesichtsblind", 
			"x" : 48, 
			"y" : 32
		}, {
			"name" : "nautilus_leviathan", 
			"x" : 64, 
			"y" : 48
		}, {
			"name" : "metawelt_schnei_waltrand", 
			"x" : 64, 
			"y" : 16
		}, {
			"name" : "flora_lightningstorm", 
			"x" : 32, 
			"y" : 64
		}, {
			"name" : "baum_des_lebens", 
			"square" : 64
		}, {
			"name" : "drachenhorst", 
			"square" : 64
		}, {
			"name" : "flora_lightningstorm_2", 
			"square" : 64
		}]
}